{
  "violetunknownartist": {
    "sounds": [
      {
        "name": "records/violetunknownartist",
        "stream": true
      }
    ]
  },
  "lillysthemethebrokenscriptlzerovthreemonestone": {
    "sounds": [
      {
        "name": "records/lillysthemethebrokenscriptlzerovthreemonestone",
        "stream": true
      }
    ]
  },
  "lillysthemethebrokenscriptlzerovthreemonesttwo": {
    "sounds": [
      {
        "name": "records/lillysthemethebrokenscriptlzerovthreemonesttwo",
        "stream": true
      }
    ]
  }
}