{
  "parent": "item/generated",
  "textures": {
    "layer0": "item/disc_fragment_5"
  },
  "overrides": [
    {
      "predicate": {
        "custom_model_data": 1
      },
      "model": "item/fragment_violetunknownartist"
    },
    {
      "predicate": {
        "custom_model_data": 3
      },
      "model": "item/fragment_lillysthemethebrokenscriptlzerovthreemonestone"
    },
    {
      "predicate": {
        "custom_model_data": 1
      },
      "model": "item/fragment_lillysthemethebrokenscriptlzerovthreemonesttwo"
    }
  ]
}