[
  {
    "title": "lilly - s - theme - the - broken - script",
    "author": "l0v3m1st",
    "duration": 201,
    "disc-namespace": "lillysthemethebrokenscriptlzerovthreemonestone",
    "model-data": 3,
    "creeper-drop": true,
    "lores": [
      "they are all dead, they are §k all dead"
    ],
    "loot-tables": {
      "chests/trial_chambers/supply": 500,
      "chests/trial_chambers/intersection_barrel": 500,
      "chests/trial_chambers/intersection": 500,
      "chests/trial_chambers/entrance": 500,
      "chests/trial_chambers/corridor": 500,
      "pots/trial_chambers/corridor": 500,
      "chests/trial_chambers/reward": 30,
      "spawners/trial_chamber/consumables": 1,
      "chests/ancient_city": 1000,
      "chests/ancient_city_ice_box": 1000,
      "chests/bastion_bridge": 120,
      "chests/bastion_hoglin_treasure": 120,
      "chests/bastion_other": 120,
      "chests/bastion_treasure": 120,
      "chests/desert_pyramid": 70,
      "chests/simple_dungeon": 500,
      "chests/igloo_chest": 20,
      "chests/jungle_temple": 200,
      "archaeology/trail_ruins_common": 20,
      "archaeology/trail_ruins_rare": 1000
    },
    "fragment-loot-tables": {}
  },
  {
    "title": "lilly - s - theme - the - broken - script",
    "author": "l0v3m1st",
    "duration": 201,
    "disc-namespace": "lillysthemethebrokenscriptlzerovthreemonesttwo",
    "model-data": 1,
    "creeper-drop": true,
    "lores": [
      "YOU CANT RUN, JUST DONT TURN §kLEFT AT&nbsp; THE CROSSROADS"
    ],
    "loot-tables": {},
    "fragment-loot-tables": {
      "chests/trial_chambers/supply": 50,
      "chests/trial_chambers/intersection_barrel": 50,
      "chests/trial_chambers/intersection": 50,
      "chests/trial_chambers/entrance": 50,
      "chests/trial_chambers/corridor": 50,
      "chests/trial_chambers/reward": 2,
      "chests/trial_chambers/reward_ominous": 10,
      "chests/ancient_city": 700,
      "chests/ancient_city_ice_box": 700,
      "chests/desert_pyramid": 150,
      "archaeology/desert_pyramid": 2,
      "chests/simple_dungeon": 800,
      "chests/jungle_temple": 90,
      "chests/stronghold_corridor": 270,
      "chests/stronghold_crossing": 270,
      "chests/abandoned_mineshaft": 260,
      "archaeology/trail_ruins_common": 40,
      "archaeology/trail_ruins_rare": 1000,
      "archaeology/desert_well": 1000
    }
  }
]