{
  "model": {
    "type": "range_dispatch",
    "property": "custom_model_data",
    "fallback": {
      "type": "model",
      "model": "item/disc_fragment_5"
    },
    "entries": [
      {
        "threshold": 3,
        "model": {
          "type": "model",
          "model": "item/fragment_lillysthemethebrokenscriptlzerovthreemonestone"
        }
      },
      {
        "threshold": 1,
        "model": {
          "type": "model",
          "model": "item/fragment_lillysthemethebrokenscriptlzerovthreemonesttwo"
        }
      }
    ]
  }
}