[
  {
    "title": "through patches of violet",
    "author": "Unknown artist",
    "duration": 233,
    "disc-namespace": "throughpatchesofvioletunknownartistone",
    "model-data": 1,
    "creeper-drop": true,
    "lores": [
      "peak song"
    ],
    "loot-tables": {
      "chests/trial_chambers/supply": 500,
      "chests/trial_chambers/intersection_barrel": 500,
      "chests/trial_chambers/intersection": 500,
      "chests/trial_chambers/entrance": 500,
      "chests/trial_chambers/corridor": 500,
      "pots/trial_chambers/corridor": 500,
      "chests/trial_chambers/reward": 50,
      "chests/ancient_city": 300,
      "chests/ancient_city_ice_box": 300,
      "chests/bastion_bridge": 300,
      "chests/bastion_hoglin_treasure": 300,
      "chests/bastion_other": 300,
      "chests/bastion_treasure": 300,
      "chests/desert_pyramid": 600,
      "archaeology/desert_pyramid": 10,
      "chests/simple_dungeon": 200,
      "chests/end_city_treasure": 700,
      "chests/jungle_temple": 500,
      "chests/ruined_portal": 500,
      "chests/woodland_mansion": 500,
      "chests/abandoned_mineshaft": 500
    },
    "fragment-loot-tables": {}
  },
  {
    "title": "lilly - s - theme - the - broken - script",
    "author": "l0v3m1st",
    "duration": 201,
    "disc-namespace": "lillysthemethebrokenscriptlzerovthreemonestone",
    "model-data": 2,
    "creeper-drop": true,
    "lores": [
      "they, they are gone, they are all gone §krwerwedsadas"
    ],
    "loot-tables": {
      "chests/trial_chambers/supply": 500,
      "chests/trial_chambers/intersection_barrel": 500,
      "chests/trial_chambers/intersection": 500,
      "chests/trial_chambers/entrance": 500,
      "chests/trial_chambers/corridor": 500,
      "pots/trial_chambers/corridor": 500,
      "chests/trial_chambers/reward": 50,
      "chests/ancient_city": 1000,
      "chests/ancient_city_ice_box": 1000,
      "chests/bastion_bridge": 100,
      "chests/bastion_hoglin_treasure": 100,
      "chests/bastion_other": 100,
      "chests/bastion_treasure": 100,
      "chests/desert_pyramid": 390,
      "archaeology/desert_pyramid": 10,
      "chests/simple_dungeon": 900,
      "chests/end_city_treasure": 580,
      "chests/jungle_temple": 640,
      "chests/nether_bridge": 200,
      "chests/stronghold_corridor": 420,
      "chests/stronghold_crossing": 420,
      "chests/abandoned_mineshaft": 740
    },
    "fragment-loot-tables": {}
  },
  {
    "title": "instability",
    "author": "the_broken_script_",
    "duration": 231,
    "disc-namespace": "instabilitythebrokenscriptone",
    "model-data": 3,
    "creeper-drop": true,
    "lores": [
      "WHAT EVER YOU DO, DONT, TURN §k left at the crossroads"
    ],
    "loot-tables": {},
    "fragment-loot-tables": {
      "chests/trial_chambers/supply": 210,
      "chests/trial_chambers/intersection_barrel": 210,
      "chests/trial_chambers/intersection": 210,
      "chests/trial_chambers/entrance": 210,
      "chests/trial_chambers/corridor": 210,
      "chests/trial_chambers/reward": 20,
      "chests/trial_chambers/reward_ominous": 30,
      "chests/ancient_city": 800,
      "chests/ancient_city_ice_box": 800,
      "chests/desert_pyramid": 340,
      "chests/simple_dungeon": 600,
      "chests/end_city_treasure": 100,
      "chests/jungle_temple": 430,
      "chests/stronghold_corridor": 840,
      "chests/stronghold_crossing": 840
    }
  }
]