{
  "throughpatchesofvioletunknownartistone": {
    "sounds": [
      {
        "name": "records/throughpatchesofvioletunknownartistone",
        "stream": true
      }
    ]
  },
  "lillysthemethebrokenscriptlzerovthreemonestone": {
    "sounds": [
      {
        "name": "records/lillysthemethebrokenscriptlzerovthreemonestone",
        "stream": true
      }
    ]
  },
  "instabilitythebrokenscriptone": {
    "sounds": [
      {
        "name": "records/instabilitythebrokenscriptone",
        "stream": true
      }
    ]
  }
}